,agro,n,nifty,small,rel,rel_s
2011-07-31,0.0915695510782941,10,-0.029287796672589184,0.011582442708518048,0.12085734775088329,0.07998710836977606
2011-08-31,-0.038409631804950974,10,-0.08774170010944915,-0.10251979781414866,0.049332068304498176,0.0641101660091977
2011-09-30,0.009720480811120013,10,-0.011547690461907623,-0.0053825672789353796,0.021268171273027638,0.015103048090055393
2011-10-31,-0.0039599219922431764,10,0.07755021493956393,0.052688065798856654,-0.08151013693180711,-0.05664798779109983
2011-11-30,-0.05494061974536559,10,-0.09284539682263737,-0.13882632321063415,0.03790477707727178,0.08388570346526855
2011-12-31,-0.08407259873117894,10,-0.04299417609479106,-0.09611022598493424,-0.041078422636387876,0.012037627253755304
2012-01-31,0.10238792031715852,10,0.12433238000702285,0.1668233432224,-0.021944459689864332,-0.06443542290524149
2012-02-29,0.036031996352739036,10,0.03576481223253358,0.06927391957019835,0.0002671841202054534,-0.033241923217459314
2012-03-31,-0.0507202905546101,10,-0.016647551933166804,0.0007536685927087561,-0.0340727386214433,-0.05147395914731886
2012-04-30,0.005300584666854036,10,-0.008950893068742305,0.01735085646780865,0.014251477735596341,-0.012050271800954615
2012-05-31,-0.014360915654079187,10,-0.06171696810718008,-0.0674214384207853,0.04735605245310089,0.05306052276670611
2012-06-30,0.05607286871401569,10,0.07202109965984671,0.043066178988326875,-0.01594823094583102,0.013006689725688816
2012-07-31,-0.0197813180286616,10,-0.009452708129585874,-0.04261608121473415,-0.010328609899075726,0.022834763186072547
2012-08-31,0.06304621101780912,10,0.005641614075349022,-0.015476722619660044,0.0574045969424601,0.07852293363746916
2012-09-30,0.08556944046054435,10,0.084586821336883,0.09284764731660489,0.000982619123661349,-0.007278206856060537
2012-10-31,-0.012621748596486359,10,-0.014658110730913942,-0.01199423498889618,0.0020363621344275835,-0.0006275136075901792
2012-11-30,0.03626118402865787,10,0.046292487275388705,0.06695992962392783,-0.010031303246730836,-0.030698745595269958
2012-12-31,-0.006356960889592233,10,0.004294327163204326,0.019664101037099257,-0.010651288052796559,-0.026021061926691492
2013-01-31,-0.03617970000331994,10,0.021955580397358565,-0.01919057232701027,-0.0581352804006785,-0.016989127676309668
2013-02-28,-0.08107290382905649,10,-0.05662209702141763,-0.10203495513815797,-0.024450806807638864,0.020962051309101476
2013-03-31,-0.03805881026686532,10,-0.0018443541456460988,-0.0410080651541036,-0.03621445612121922,0.0029492548872382812
2013-04-30,0.05679086853292934,10,0.04358085871944328,0.029071562844336984,0.013210009813486058,0.027719305688592356
2013-05-31,0.031141799229384114,10,0.009401031688609729,-0.02141251259787591,0.021740767540774385,0.052554311827260024
2013-06-30,-0.0013522841916387418,10,-0.024014566643070334,-0.07885727413885979,0.022662282451431592,0.07750498994722105
2013-07-31,-0.06443406234925411,10,-0.0171511068723732,-0.0874486785541505,-0.04728295547688091,0.023014616204896393
2013-08-31,-0.0014092554623020503,10,-0.04705680947405089,-0.014834185242462494,0.04564755401174884,0.013424929780160444
2013-09-30,0.0789636577133486,10,0.04815600161394795,0.04817663490605728,0.030807656099400643,0.030787022807291314
2013-10-31,0.07472700727720155,10,0.09831222772347492,0.12014456775700944,-0.02358522044627337,-0.045417560479807884
2013-11-30,0.11969162559723305,10,-0.01953435018271288,0.037675553237949355,0.13922597577994594,0.0820160723592837
2013-12-31,0.16872686112404559,10,0.0207088450525601,0.06878356948345021,0.1480180160714855,0.09994329164059537
2014-01-31,-0.05329529535560697,10,-0.03402601522842641,-0.06309321646516841,-0.019269280127180557,0.009797921109561444
2014-02-28,0.058079966755319665,10,0.03078252730109199,0.027727275578696586,0.027297439454227676,0.03035269117662308
2014-03-31,0.07571223013676089,10,0.0680664950950225,0.12706765772240547,0.007645735041738391,-0.051355427585644584
2014-04-30,0.07173082605284328,10,-0.0011634944911101952,0.0651511664116764,0.07289432054395348,0.006579659641166885
2014-05-31,0.1550977775633436,10,0.07967718594583939,0.2238435509908352,0.0754205916175042,-0.06874577342749161
2014-06-30,0.2111169222534804,10,0.05275276999833278,0.1195147794275,0.1583641522551476,0.09160214282598039
2014-07-31,0.10666206837140021,10,0.014445492396940152,-0.060999370263839614,0.09221657597446006,0.16766143863523983
2014-08-31,0.1830276034573108,10,0.030182780883601934,-0.010966970862773984,0.15284482257370888,0.1939945743200848
2014-09-30,0.07245107941846968,10,0.001313708834616234,-0.01234724258708031,0.07113737058385344,0.08479832200554999
2014-10-31,0.06279237791860438,11,0.04487249007815608,0.041034945107367715,0.017919887840448304,0.02175743281123667
2014-11-30,0.07873128338212837,11,0.031968685396441376,0.008151587262384519,0.04676259798568699,0.07057969611974385
2014-12-31,0.015402374029395956,11,-0.03557765551771319,0.016335302879355806,0.050980029547109146,-0.0009329288499598503
2015-01-31,0.04875132405874182,11,0.0635300309432909,0.03634620486537199,-0.014778706884549082,0.012405119193369833
2015-02-28,0.0031026036881116503,11,0.010551736968214431,0.04110129987286437,-0.007449133280102781,-0.03799869618475272
2015-03-31,0.09058002873584634,11,-0.04615328481847181,-0.011574681834275569,0.13673331355431814,0.1021547105701219
2015-04-30,0.03505128080144768,11,-0.03645035920386286,-0.028701990955559475,0.07150164000531053,0.06375327175700715
2015-05-31,0.06876095200708364,11,0.030819580761474175,0.018830462271928416,0.037941371245609465,0.04993048973515522
2015-06-30,0.015803795617189698,11,-0.007725053435935658,-0.043272348263623694,0.023528849053125356,0.05907614388081339
2015-07-31,0.09199489538121904,11,0.019639075103065062,0.07493490453761198,0.07235582027815397,0.017059990843607056
2015-08-31,-0.09802330136718455,11,-0.06581034781159156,-0.0970923674551778,-0.03221295355559299,-0.0009309339120067567
2015-09-30,-0.06963773178978372,11,-0.0028100686916830986,0.012792123469930639,-0.06682766309810062,-0.08242985525971436
2015-10-31,-0.011353135189953007,11,0.01470642497334751,0.02466872988298663,-0.026059560163300514,-0.036021865072939634
2015-11-30,-0.011346393597622028,11,-0.01618559885406523,0.034312672964310176,0.004839205256443203,-0.04565906656193221
2015-12-31,0.00567347617142003,11,0.001398834315238906,0.019264501824969082,0.004274641856181124,-0.013591025653549051
2016-01-31,-0.07603697299214894,11,-0.04817309773451839,-0.11017452143613538,-0.027863875257630552,0.034137548443986435
2016-02-29,-0.10881301993695659,11,-0.07622082424842369,-0.1327714962768144,-0.0325921956885329,0.0239584763398578
2016-03-31,0.13325939403571196,11,0.10753467078479972,0.11972363043282619,0.02572472325091224,0.013535763602885775
2016-04-30,0.1447161926367676,11,0.014395727985057949,0.06483304369974419,0.13032046465170966,0.07988314893702342
2016-05-31,0.07919476447124353,11,0.03952970877040718,0.0030471879746303276,0.03966505570083635,0.0761475764966132
2016-06-30,0.10773388318264475,11,0.015643178200718477,0.11425233093595133,0.09209070498192627,-0.0065184477533065804
2016-07-31,0.021768084473235003,11,0.04232149859732748,0.04688222241334827,-0.020553414124092475,-0.02511413794011327
2016-08-31,0.04941298401723326,11,0.01709789894078817,0.01408959880676619,0.03231508507644509,0.035323385210467066
2016-09-30,0.016407676948093166,11,-0.01992326557730828,-0.005589941527267328,0.03633094252540145,0.021997618475360494
2016-10-31,0.1297187117921643,11,0.0031180038383720188,0.05063301616779414,0.12660070795379227,0.07908569562437015
2016-11-30,-0.0349265243253231,11,-0.0478698772864089,-0.09412146599736237,0.0129433529610858,0.05919494167203927
2016-12-31,0.013428924923882065,11,-0.004705477536628422,-0.010323275559149914,0.018134402460510485,0.023752200483031977
2017-01-31,0.08253270807764888,11,0.04587212113347805,0.0901857150732901,0.036660586944170834,-0.007653006995641212
2017-02-28,0.021665020589237773,11,0.03717891061354939,0.0644219458467854,-0.015513890024311614,-0.04275692525754762
2017-03-31,0.025562185013374553,11,0.03312653872366056,0.041240555104482324,-0.0075643537102860064,-0.01567837009110777
2017-04-30,0.061213517313617134,11,0.014203548167325275,0.06565639826687208,0.04700996914629186,-0.00444288095325495
2017-05-31,-0.010673951334204753,12,0.03409270229830441,-0.03499721137383305,-0.04476665363250917,0.024323260039628293
2017-06-30,0.012735265004871182,12,-0.010429996102377492,0.01783384214469419,0.023165261107248675,-0.005098577139823007
2017-07-31,0.06524148484419075,12,0.05841880249057119,0.06698083221919782,0.006822682353619561,-0.0017393473750070693
2017-08-31,-0.0438544965666581,12,-0.015798156215577897,-0.006704457904688654,-0.028056340351080206,-0.03715003866196945
2017-09-30,0.006375774479509415,12,-0.013037114185982412,-0.021159095789245685,0.019412888665491828,0.0275348702687551
2017-10-31,0.0485725065299121,12,0.05585072659423118,0.12725300283472873,-0.00727822006431908,-0.07868049630481663
2017-11-30,0.07331003652746261,12,-0.010522190937853781,0.01904169087428409,0.08383222746531639,0.05426834565317852
2017-12-31,0.05260994792719964,12,0.029741212823484187,0.04370754394670762,0.022868735103715454,0.008902403980492024
2018-01-31,-0.003659912962959533,12,0.0471953431395824,-0.03039063041266865,-0.050855256102541935,0.026730717449709118
2018-02-28,-0.046792626601026344,12,-0.04850059395884909,-0.05221794271374558,0.0017079673578227483,0.005425316112719236
2018-03-31,-0.026115890227135646,12,-0.03613412943099348,-0.06755816430323702,0.010018239203857832,0.041442274076101376
2018-04-30,0.16252168543125353,12,0.06186163323017291,0.07673295961260118,0.10066005220108062,0.08578872581865235
2018-05-31,-0.030716224972582223,12,-0.0002979696164107093,-0.06677112543233188,-0.030418255356171514,0.036054900459749656
2018-06-30,-0.07217583540663021,12,-0.002035180208920351,-0.08326041500271941,-0.07014065519770986,0.011084579596089203
2018-07-31,0.11912784220964574,12,0.059938586748551126,0.0401239942879037,0.05918925546109462,0.07900384792174205
2018-08-31,-0.0031611843096396954,12,0.028529916787742637,0.0272176539530522,-0.03169110109738233,-0.030378838262691898
2018-09-30,-0.14185518130263133,12,-0.0642138607080176,-0.1979410428300864,-0.07764132059461373,0.056085861527455066
2018-10-31,-0.044709093708262544,12,-0.04975549954484948,-0.014363650676280981,0.0050464058365869355,-0.030345443031981563
2018-11-30,0.0576991644373571,12,0.047190610979531256,0.025335680643029823,0.010508553457825844,0.032363483794327276
2018-12-31,0.03631893265025484,12,-0.001305537040016569,0.037474613510678045,0.03762446969027141,-0.0011556808604232041
2019-01-31,-0.04460076455337241,12,-0.002909077518630343,-0.049029671336992764,-0.04169168703474207,0.0044289067836203524
2019-02-28,0.0050942306937000565,12,-0.0035500117718206825,-0.03238247393562732,0.00864424246552074,0.037476704629327375
2019-03-31,0.05907348950393735,12,0.07703497799397718,0.12439436291431472,-0.017961488490039833,-0.06532087341037737
2019-04-30,-0.033812579674748496,12,0.010689183492631482,-0.03072288797305045,-0.04450176316737998,-0.0030896917016980455
2019-05-31,0.010347618231377856,12,0.014866170418321056,0.012493185595571221,-0.004518552186943201,-0.0021455673641933657
2019-06-30,-0.03220863753972574,12,-0.011234777065789792,-0.05317372997512748,-0.02097386047393595,0.02096509243540174
2019-07-31,-0.08622306924568594,12,-0.056905465757898344,-0.10944898283830207,-0.0293176034877876,0.023225913592616124
2019-08-31,0.006829506396026437,12,-0.00852221622593996,-0.013691735606550126,0.015351722621966397,0.020521242002576563
2019-09-30,0.0782303407678213,12,0.04093166715805241,0.027139396170019925,0.03729867360976889,0.05109094459780138
2019-10-31,-0.012509014075061711,12,0.03512150909193901,0.027057001117318347,-0.04763052316700072,-0.03956601519238006
2019-11-30,-0.034456331873824776,12,0.015036897650589909,0.012140780627999836,-0.049493229524414685,-0.04659711250182461
2019-12-31,0.03965064938305299,12,0.009323119927339585,0.003422255029411847,0.030327529455713403,0.03622839435364114
2020-01-31,0.10858216922849208,12,-0.016957788378963667,0.06706367882085784,0.12553995760745573,0.04151849040763424
2020-02-29,-0.04529531344128384,13,-0.06356325394370554,-0.0884991315038951,0.018267940502421705,0.04320381806261126
2020-03-31,-0.2879651279243195,13,-0.23246367755038277,-0.3665782457098439,-0.05550145037393672,0.07861311778552438
2020-04-30,0.3112374904736211,13,0.14680008141664969,0.13444793724093818,0.1644374090569714,0.17678955323268292
2020-05-31,0.0991492877140033,13,-0.028357345272980616,-0.01844041196665025,0.12750663298698392,0.11758969968065355
2020-06-30,0.1727739356970592,13,0.07534213073373763,0.15293049865094432,0.09743180496332157,0.01984343704611488
2020-07-31,0.06925645386825857,13,0.0748730841284786,0.08573221440179335,-0.0056166302602200235,-0.016475760533534778
2020-08-31,0.06845173652575733,13,0.028360628349791472,0.11535544415129029,0.04009110817596585,-0.04690370762553296
2020-09-30,0.013517840393695489,13,-0.012289791437980258,0.041933596214909,0.025807631831675747,-0.028415755821213508
2020-10-31,-0.03730060248395784,13,0.03510542295877772,-0.0006698322784901567,-0.07240602544273556,-0.036630770205467685
2020-11-30,0.00994538070583893,13,0.1139412835841409,0.12961738186189775,-0.10399590287830197,-0.11967200115605882
2020-12-31,0.07728341792326279,13,0.07809421734219035,0.07824080988973003,-0.0008107994189275602,-0.0009573919664672415
2021-01-31,-0.0013082344548842263,13,-0.024828794678777633,0.012592414744167169,0.023520560223893407,-0.013900649199051394
2021-02-28,0.006086563340850901,13,0.06560881874055702,0.12162022166242559,-0.05952225539970612,-0.11553365832157468
2021-03-31,-0.01694409368466948,14,0.01111902623346861,0.007882243862945337,-0.02806311991813809,-0.02482633754761482
2021-04-30,0.06872799175600074,15,-0.0040569884348601315,0.055705823948846156,0.07278498019086087,0.01302216780715458
2021-05-31,0.1219861821642639,15,0.0650463738201501,0.08197226334647634,0.0569398083441138,0.04001391881778757
2021-06-30,0.10913286113855922,15,0.008900839387016468,0.050344202124823045,0.10023202175154275,0.05878865901373617
2021-07-31,0.07851523371988586,15,0.0026428775880162902,0.08099139591627069,0.07587235613186957,-0.002476162196384829
2021-08-31,9.934465790663316e-05,16,0.0868581270756612,-0.024624362057003912,-0.08675878241775457,0.024723706714910546
2021-09-30,-0.019645019713372736,17,0.02836477675749638,0.06109324758842449,-0.048009796470869115,-0.08073826730179723
2021-10-31,-0.021116664329590546,17,0.00303664119104452,-0.01130853994490355,-0.024153305520635066,-0.009808124384686995
2021-11-30,-0.048338259154659655,18,-0.038957935450283365,-0.009840389714726339,-0.00938032370437629,-0.038497869439933316
2021-12-31,0.09897930385853376,18,0.021836404319351077,0.05891622658499762,0.07714289953918269,0.04006307727353614
2022-01-31,0.04783249820639957,18,-0.000818310376061504,-0.015284790504030421,0.048650808582461076,0.06311728871042999
2022-02-28,-0.06098912210108292,18,-0.03148527813101021,-0.1144070274233232,-0.02950384397007271,0.053417905322240285
2022-03-31,0.06070429370641391,18,0.03994605184025146,0.06009355335131272,0.02075824186616245,0.00061074035510119
2022-04-30,0.04424884529171699,18,-0.020738859703116286,-0.017180500658761422,0.06498770499483328,0.061429345950478415
2022-05-31,-0.03251684512668827,18,-0.0302878792760215,-0.10221849575166109,-0.0022289658506667656,0.06970165062497283
2022-06-30,-0.04282196334599318,18,-0.048497001818137875,-0.08288537764022375,0.005675038472144692,0.04006341429423056
2022-07-31,0.0844181431679461,18,0.08732434530504896,0.08595956306799679,-0.0029062021371028535,-0.001541419900050689
2022-08-31,0.04656883107605547,18,0.03502985444319795,0.04914842114445217,0.011538976632857523,-0.0025795900683966977
2022-09-30,-0.04733109375112946,18,-0.03744240834704027,-0.018722816061193526,-0.009888685404089194,-0.028608277689935936
2022-10-31,0.027333581564670736,18,0.05369312082647193,0.025874303628545592,-0.026359539261801193,0.0014592779361251446
2022-11-30,0.014802187337513194,18,0.04142475885370778,0.029934648620187687,-0.026622571516194585,-0.015132461282674493
2022-12-31,-0.0053886934597458525,18,-0.03481377626496995,-0.024533758351251267,0.0294250828052241,0.019145064891505414
2023-01-31,-0.10270611759777959,19,-0.024476312213754348,-0.02358883191351613,-0.07822980538402524,-0.07911728568426346
2023-02-28,-0.08229068914480543,19,-0.020280713276696227,-0.036430131291604106,-0.062009975868109204,-0.045860557853201325
2023-03-31,-0.03277556424634775,19,0.003224755227838383,-0.017568482677268626,-0.03600031947418613,-0.015207081569079121
2023-04-30,0.05413715308861799,19,0.04062558504586766,0.07535506823424765,0.013511568042750326,-0.021217915145629658
2023-05-31,0.009254076942557357,19,0.02598394685856631,0.0510258411690816,-0.01672986991600895,-0.04177176422652424
2023-06-30,0.0657695918480702,19,0.03532086282803859,0.06600367889357761,0.03044872902003161,-0.00023408704550741122
2023-07-31,-0.053635654675555255,19,0.029430845746358125,0.07988760830849584,-0.08306650042191338,-0.1335232629840511
2023-08-31,0.07893531373968868,18,-0.02531158433761682,0.04621096570493499,0.1042468980773055,0.032724348034753686
2023-09-30,-0.017120166719626333,18,0.019970082790405908,0.04123361905967582,-0.037090249510032244,-0.058353785779302156
2023-10-31,-0.006361445201860327,18,-0.028449558849311885,-0.007734243244303274,0.022088113647451557,0.0013727980424429465
2023-11-30,0.05522927706145392,18,0.05521866286504973,0.1202736780527911,1.061419640419059e-05,-0.06504440099133718
2023-12-31,0.040423014990502264,18,0.07938400101325427,0.06861025943188181,-0.038960986022752005,-0.02818724444137955
2024-01-31,-0.010005013054676652,18,-0.0002623392878507991,0.058285155824388424,-0.009742673766825853,-0.06829016887906508
2024-02-29,-0.041407776258916625,18,0.011834003591783215,-0.003126111454296865,-0.05324177985069984,-0.03828166480461976
2024-03-31,-0.08954339334763922,18,0.01565310080366933,-0.044175085439591366,-0.10519649415130855,-0.045368307908047856
2024-04-30,0.16521352120439128,18,0.012449108474530624,0.11403396756480633,0.15276441272986066,0.05117955363958496
2024-05-31,-0.03508875202298891,19,-0.0032803137379808778,-0.018522437367003985,-0.03180843828500803,-0.016566314655984925
2024-06-30,0.1688189544671378,19,0.06568375885719302,0.09708505273497159,0.10313519560994477,0.0717339017321662
2024-07-31,0.08444378399158992,19,0.03917228224200997,0.044762715843146283,0.045271501749579945,0.03968106814844363
2024-08-31,0.05776723009244966,19,0.01141229963348378,0.008854274166368192,0.04635493045896588,0.04891295592608147
2024-09-30,-0.04578959514588775,19,0.022783019428670892,-0.006601198522823037,-0.06857261457455864,-0.03918839662306471
2024-10-31,-0.003850532371493903,19,-0.062202523357425266,-0.030086576136686638,0.058351990985931364,0.026236043765192736
2024-11-30,-0.02940276489237838,19,-0.0030675036717089377,0.0025990990506703504,-0.026335261220669443,-0.03200186394304873
2024-12-31,-0.056715642159107856,19,-0.020152417419844082,0.0063401596165342244,-0.036563224739263774,-0.06305580177564207
2025-01-31,-0.06045929177047423,19,-0.005768710244958619,-0.0990292607037061,-0.05469058152551561,0.03856996893323187
2025-02-28,-0.16762176289542277,19,-0.058859811811948104,-0.13070577451879006,-0.10876195108347467,-0.03691598837663271
2025-03-31,0.08868456728739255,19,0.06303588297242446,0.09493068121522152,0.025648684314968084,-0.006246113927828978
2025-04-30,0.119541435213154,19,0.03464594047029368,0.021940642531856236,0.08489549474286032,0.09760079268129776
2025-05-31,0.1225402491867496,19,0.017115828751304685,0.08720670442006595,0.10542442043544492,0.035333544766683656
2025-06-30,0.12690597670838183,19,0.030962760649193788,0.06664318106837097,0.09594321605918804,0.06026279564001086
2025-07-31,0.12404842558357672,19,-0.029341166004691055,-0.05809930223170523,0.15338959158826776,0.18214772781528193
2025-08-31,-0.1177733773714354,19,-0.013787757359694952,-0.04117861506051412,-0.10398562001174044,-0.07659476231092127
2025-09-30,-0.07048633524972103,19,0.0075429291947182175,0.019489754455215724,-0.07802926444443925,-0.08997608970493676
2025-10-31,-0.021113106675190185,19,0.04514223256985672,0.04657869638866341,-0.06625533924504691,-0.0676918030638536
2025-11-30,-0.027577357578390055,19,0.018694041310779452,-0.0300068549791086,-0.04627139888916951,0.0024294974007185444
2025-12-31,-0.0422030656716713,19,-0.0027993031318993555,-0.006466901299830297,-0.039403762539771944,-0.035736164371841
2026-01-31,-0.07015215213328072,19,-0.030959142122343852,-0.04712952221271949,-0.03919301001093686,-0.023022629920561227
2026-02-28,-0.030129832766268044,19,-0.005608070882856531,0.002950394274576329,-0.024521761883411514,-0.03308022704084437
2026-03-31,-0.160062866941259,19,-0.11308191662380629,-0.10190266349260746,-0.046980950317452724,-0.058160203448651554
2026-04-30,0.24649101349996544,19,0.07461019013586245,0.18438482484642016,0.17188082336410299,0.06210618865354528
2026-05-31,-0.014204002880086415,19,-0.01874358007379917,0.007310984803258647,0.004539577193712755,-0.02151498768334506
2026-06-30,-0.02041948015155982,19,0.013504474949835865,0.03993097669085044,-0.03392395510139569,-0.06035045684241026
2026-07-31,0.02065964787108786,19,0.021698459088861588,0.02526360990505294,-0.0010388112177737267,-0.00460396203396508
2026-08-31,-0.041164858897974915,19,-0.012434587181548107,0.03061068840439196,-0.02873027171642681,-0.07177554730236688
2026-09-30,-0.018871035310756745,19,-0.032717479776083525,-0.009437251808054103,0.01384644446532678,-0.009433783502702641
